<application>
  <component name="FindSettings">
    <option name="customScope" value="All Places" />
    <option name="defaultScopeName" value="All Places" />
    <option name="wholeWordsOnly" value="true" />
    <option name="WHOLE_WORDS_ONLY" value="true" />
    <option name="SEARCH_SCOPE" value="All Places" />
    <option name="FILE_MASK" value="*.go" />
    <mask>*.c</mask>
    <mask>*.html</mask>
    <mask>*.shvim</mask>
    <mask>*.sh</mask>
    <mask>*.go</mask>
  </component>
</application>