<application>
  <component name="FileTypeManager" version="18">
    <extensionMap>
      <mapping pattern="configure" type="AUTO_DETECTED" />
      <mapping pattern="README" type="AUTO_DETECTED" />
      <mapping pattern="Dockerfile_auto" type="AUTO_DETECTED" />
      <mapping pattern="Dockerfile_internal" type="AUTO_DETECTED" />
      <mapping pattern="Dockerfile_test" type="AUTO_DETECTED" />
      <mapping pattern="Dockerfile_external" type="AUTO_DETECTED" />
      <mapping pattern="forward_manage" type="AUTO_DETECTED" />
      <mapping pattern="Jenkinsfile" type="AUTO_DETECTED" />
      <mapping ext="out" type="PLAIN_TEXT" />
      <mapping ext="service" type="PLAIN_TEXT" />
    </extensionMap>
  </component>
</application>